Movie Title, Image Link, Views, Downloads, Release Date
Brazen,./Movie _ DoDear Portal_files/Brazen-16421437367236.jpg,2852,748 ,13 Jan 2022
How I Fell in Love with a Gangster,./Movie _ DoDear Portal_files/How.I.Fell.in.Love.with.a.Gangster-16421435974555.jpg,1476,214 ,12 Jan 2022
Amityville Uprising,./Movie _ DoDear Portal_files/Amityville.Uprising-16421431263390.jpg,2282,383 ,11 Jan 2022
Never Alone,./Movie _ DoDear Portal_files/Never.Alone-16421429188882.jpg,551,31 ,13 Jan 2022
I Challenger,./Movie _ DoDear Portal_files/I..Challenger-16421427346543.jpg,919,63 ,11 Jan 2022
Stroke of Luck,./Movie _ DoDear Portal_files/Stroke.of.Luck-16421425712365.jpg,459,30 ,11 Jan 2022
Pushpa: The Rise - Part 1,./Movie _ DoDear Portal_files/Pushpa..The.Rise...Part.1-16398109234189.jpg,167831,65868 ,17 Dec 2021
TNA.Impact 2022-01-13,./Movie _ DoDear Portal_files/TNA.Impact.2022.01.13-16421421406204.jpg,182,69 ,13 Jan 2022
Small World,./Movie _ DoDear Portal_files/Small.World-16419713473393.jpg,6202,1057 ,10 Sep 2021
War Cake,./Movie _ DoDear Portal_files/War.Cake-16419712040332.jpg,2959,306 ,7 Jan 2022
Ava,./Movie _ DoDear Portal_files/Ava-16419711108815.jpg,4853,472 ,7 Jan 2022
Another Us,./Movie _ DoDear Portal_files/Another.Us-16419709408145.jpg,3235,222 ,15 Oct 2021
Eternals,./Movie _ DoDear Portal_files/Eternals-16360078197530.jpg,118120,38913 ,5 Nov 2021
A Journal for Jordan,./Movie _ DoDear Portal_files/A.Journal.for.Jordan-16405952841471.jpg,9555,938 ,25 Dec 2021
Four to Dinner,./Movie _ DoDear Portal_files/Four.to.Dinner-16418832983968.jpg,6039,735 ,5 Jan 2022
The Winter Palace,./Movie _ DoDear Portal_files/The.Winter.Palace-16418830210525.jpg,2915,212 ,8 Jan 2022
Cinemaa Zindabad,./Movie _ DoDear Portal_files/Cinemaa.Zindabad-16418829227172.jpg,19967,5098 ,8 Jan 2022
WWE Raw 2022-01-10,./Movie _ DoDear Portal_files/WWE.Raw.2022.01.10-16418827732278.jpg,7525,3333 ,10 Jan 2022
The 355,./Movie _ DoDear Portal_files/The.355-16417992089722.jpg,8132,988 ,7 Jan 2022
The Tragedy of Macbeth,./Movie _ DoDear Portal_files/The.Tragedy.of.Macbeth-16417991214700.jpg,2224,150 ,14 Jan 2022
Mother/Android,./Movie _ DoDear Portal_files/Mother.Android-16398113643397.jpg,14734,2608 ,17 Dec 2021
The Wolf Hour,./Movie _ DoDear Portal_files/The.Wolf.Hour-15700003698326.jpg,13973,1979 ,23 Sep 2019
Check,./Movie _ DoDear Portal_files/Check-16417988081988.jpg,29003,10003 ,26 Feb 2021
BomBhaat,./Movie _ DoDear Portal_files/BomBhaat-16417986801710.jpg,23090,5308 ,3 Dec 2020
The Beast,./Movie _ DoDear Portal_files/The.Beast-16416311350969.jpg,15834,3584 ,6 Jan 2022
The Commando,./Movie _ DoDear Portal_files/The.Commando-16416310279282.jpg,16561,3092 ,7 Jan 2022
The Tender Bar,./Movie _ DoDear Portal_files/The.Tender.Bar-16416307714397.jpg,3324,248 ,7 Jan 2022
See for Me,./Movie _ DoDear Portal_files/See.for.Me-16416306611489.jpg,6151,576 ,7 Jan 2022
Harvey,./Movie _ DoDear Portal_files/Harvey-16416305789568.jpg,4008,255 ,12 Feb 2021
Sing 2,./Movie _ DoDear Portal_files/Sing.2-16382582980755.jpg,15703,2333 ,22 Dec 2021
Bekhudi,./Movie _ DoDear Portal_files/Bekhudi-16416277912968.jpg,19188,4256 ,29 Oct 2021
WWE Smackdown 2022-01-07,./Movie _ DoDear Portal_files/WWE.Smackdown.2022.01.07-16416276352261.jpg,7048,2947 ,7 Jan 2022
Rucker (The Trucker),./Movie _ DoDear Portal_files/Rucker..The.Trucker.-16415407115932.jpg,7410,732 ,4 Jan 2022
Nightshade,./Movie _ DoDear Portal_files/Nightshade-16415406180096.jpg,4871,411 ,4 Jan 2022
Sheer Pandemic,./Movie _ DoDear Portal_files/Sheer.Pandemic-16415404462244.jpg,2139,148 ,4 Jan 2022
Dragon: The Weapon of God,./Movie _ DoDear Portal_files/Dragon..The.Weapon.of.God-16415403605619.jpg,10826,1248 ,4 Jan 2022
The Lost Daughter,./Movie _ DoDear Portal_files/The.Lost.Daughter-16410205811041.jpg,13616,2173 ,31 Dec 2021
Mothering Sunday,./Movie _ DoDear Portal_files/Mothering.Sunday-16410204865561.jpg,3204,352 ,12 Nov 2021
Chicken Curry Law,./Movie _ DoDear Portal_files/Chicken.Curry.Law-16414504945878.jpg,15343,3420 ,9 Aug 2019
See for Me,./Movie _ DoDear Portal_files/See.for.Me-16416306611489.jpg,6151,576 ,7 Jan 2022
Amityville Uprising,./Movie _ DoDear Portal_files/Amityville.Uprising-16421431263390.jpg,2281,383 ,11 Jan 2022
iGilbert,./Movie _ DoDear Portal_files/iGilbert-16410203849344.jpg,8924,800 ,31 Dec 2021
Sheer Pandemic,./Movie _ DoDear Portal_files/Sheer.Pandemic-16415404462244.jpg,2139,148 ,4 Jan 2022
Megaboa,./Movie _ DoDear Portal_files/Megaboa-16410203021025.jpg,21185,3525 ,26 Nov 2021
